Name,Address,Rating,Website,Cuisine Type,Opening hours
Fiesta Tacos,"1565 E Main St, Brownsburg, IN 46112",5,N/A, Mexican,9:00 AM - 11:00 PM
Dizzy Izzy's Food Truck,"Danville, IN 46122",5,N/A," Barbeque, Sandwiches",8:00 AM- 7:30 PM
BB&B Bread Truck,"800 Lafayette St, Indianapolis, IN 46202",4.5,https://www.booksbourbonbacon.com/bread," Donuts, Bakeries",N/A
Dashboard Food Truck,"299 W Main St, Greenwood, IN 46142",5,https://www.dashboardfoodtruck.com/,Caterers,11:00 AM - 8:00 PM
Nacho Mama's Food Truck,"Indianapolis, IN 46204",4.5,http://nachomamasfoodtruck.com/, Tex-Mex,10:00 AM- 10:00 PM
Chomp'z Truck,"Greenwood, IN 46142",4.5,https://www.chompztruck16.com/,Food Trucks,N/A
Fat Cat's Bar-B-Que,"Indianapolis, IN 46222",3.5,https://fat-cat-bar.edan.io/," Caterers, Barbeque",8:00 AM-8:00 PM
Loco fresh mexican,"6378 Crane Dr, Whitestown, IN 46075",5,https://locofreshmexican.com/, New Mexican Cuisine,N/A
Serendipity Mobile Catering,"5922 N College Ave, Indianapolis, IN 46220",4.5,https://serendipitymobilecatering.com/, Caterers,11:00 AM - 8:00 PM
El Fuego,"Danville, IN 46122",5,https://www.elfuegochili.com/, Tacos,9:00 AM - 11:00 PM
